lambda_rel,doc_name,domain,question,layout_retrieved,gt,first_hit_rank,recall
0.5,fdac8d1e9ef56519371df7e6532df27d,Research report / Introduction,What does the map in the report shows?,"[21111, 17816, 21185, 21219, 21331, 20996, 21130, 21189, 21100, 21330]",[1042],Not Found,0.0
0.5,fdac8d1e9ef56519371df7e6532df27d,Research report / Introduction,What year is the report for?,"[558, 16456, 8319, 6887, 21472, 5960, 2923, 21571, 3641, 8256]",[925],Not Found,0.0
0.5,fdac8d1e9ef56519371df7e6532df27d,Research report / Introduction,What are the uses of Indian remote sensing satellite constellation?,"[948, 968, 1008, 1010, 1028, 1012, 921, 949, 938, 1045]","[939, 948]",1,0.5
0.5,fdac8d1e9ef56519371df7e6532df27d,Research report / Introduction,What is NARL stand for in this document?,"[1046, 1045, 1048, 11205, 1047, 1049, 14400, 1027, 10787, 17070]",[1046],1,1.0
0.5,fdac8d1e9ef56519371df7e6532df27d,Research report / Introduction,"Of the four missions of Indian Space Program's space mission from 2012 to 2017, which mission includes the launch of least number of satellites?","[922, 1010, 1015, 931, 1014, 981, 927, 980, 982, 1011]","[921, 922]",1,0.5
0.5,reportq32015-151009093138-lva1-app6891_95,Research report / Introduction,"Regarding the global iOS breakdown, what percentage of the pie chart was iOS 9?","[19553, 8815, 19545, 19574, 19539, 19542, 19551, 19618, 23777, 19544]","[19545, 19546]",3,0.5
0.5,reportq32015-151009093138-lva1-app6891_95,Research report / Introduction,"Between Java and WP, how large is the difference in percentage of their global developers mindshare?","[19553, 10730, 13043, 19551, 19526, 12595, 10669, 10725, 11359, 14212]","[19553, 19549]",1,0.5
0.5,reportq32015-151009093138-lva1-app6891_95,Research report / Introduction,"In 2014, which one has more mobile apps globally, Apple App store or Google Play store? How many Apps does it have in million?","[19556, 19555, 8815, 8860, 8793, 19612, 19622, 8790, 19558, 19574]","[19553, 19556]",1,0.5
0.5,reportq32015-151009093138-lva1-app6891_95,Research report / Introduction,"Which APP on APPOTA platform is top 10 Vietnam Android App, but not top 10 Vietnam iOS App?","[19664, 19623, 19662, 19645, 19666, 19598, 19574, 19667, 8790, 8793]","[19666, 19663]",5,0.5
0.5,reportq32015-151009093138-lva1-app6891_95,Research report / Introduction,"As of Q3 2015, are there more active Instagram users in Vietnam, or are there more fans for Appota's fan page? Directly answer 'Instagram' or 'Appota'.","[3658, 8867, 8871, 24417, 19688, 3657, 18396, 19800, 19384, 19526]","[19651, 19687, 19657, 19658, 19689, 19690]",Not Found,0.0
0.5,reportq32015-151009093138-lva1-app6891_95,Research report / Introduction,"As of Q3 2015, is vietnam's adoption rate of iOS 9 higher or lower than a global average rate? What is the difference in percentage?","[19542, 19580, 19574, 8815, 8871, 19623, 8764, 19544, 8818, 19653]","[19545, 19580]",2,0.5
0.5,reportq32015-151009093138-lva1-app6891_95,Research report / Introduction,Which news appear in both Vietnam mobile news and APPOTA news?,"[19534, 19526, 19623, 19667, 19564, 19664, 19565, 19566, 19598, 22502]","[19569, 19674]",Not Found,0.0
0.5,honor_watch_gs_pro,Guidebook,What is the time on the gallery screenshot when demostrating how to set galley watch faces?,"[2853, 26573, 2815, 26571, 24566, 19243, 22818, 9116, 2861, 26056]","[2857, 2858, 2859]",Not Found,0.0
0.5,honor_watch_gs_pro,Guidebook,What is the color on the watch that shows the aerobic zone?,"[26604, 19459, 2793, 2660, 24090, 2778, 10187, 25265, 2726, 20206]",[2660],4,1.0
0.5,honor_watch_gs_pro,Guidebook,What are the colors of the icons that the users touch to move the app up and remove the app respectively?,"[2790, 11762, 2521, 24384, 24332, 18705, 20088, 26748, 2514, 18422]","[2578, 2564]",Not Found,0.0
0.5,honor_watch_gs_pro,Guidebook,How many distinct button functions are there during a workout?,"[2535, 2534, 2533, 23145, 22786, 22895, 23026, 23055, 23089, 2532]","[2530, 2534, 2535]",1,0.67
0.5,honor_watch_gs_pro,Guidebook,"If ""--"" is displayed as the resting heart rate reading, what kind of environment should the user stay in?","[2677, 2673, 2676, 2678, 2680, 2674, 2688, 2687, 2675, 18099]","[2673, 2674]",2,1.0
0.5,nova_y70,Guidebook,How many distinct notification and status icons are displayed in the guidebook?,"[18158, 2841, 18159, 26746, 18156, 18767, 18063, 26664, 23616, 26503]","[18158, 18159]",1,1.0
0.5,nova_y70,Guidebook,"Under the pro mode to shoot, what is the function of the icon on right hand side of the icon that select a focus mode?","[18471, 18488, 18469, 18479, 25085, 18417, 18566, 15338, 23090, 18217]",[18471],1,1.0
0.5,nova_y70,Guidebook,"In the demostration of how to use a Knuckle to Take a Scrolling Screenshot, what buildings appear in the first picture?","[18233, 18234, 18236, 18237, 18235, 18096, 18198, 18220, 18201, 18200]",[18234],2,1.0
0.5,nova_y70,Guidebook,What devices other than phone are introduced for setting device+?,"[9040, 18825, 18180, 18387, 18396, 26519, 18186, 18388, 18181, 18401]","[18182, 18183, 18184, 18185, 18169]",Not Found,0.0
0.5,watch_d,Guidebook,How many incorrect postures of measuring blood pressure are demostrated if this guidebook?,"[26648, 26647, 26645, 26646, 26642, 26649, 26643, 26641, 26644, 26650]",[26642],5,1.0
0.5,watch_d,Guidebook,"At a position on your wrist that is about the width of two fingers away from the bottom of your palm, put the end of the ruler that comes with the watch through the buckle on the head. How many cm is this two fingers' distance according to the fogure?","[26538, 26560, 23563, 18679, 26540, 23558, 24403, 24433, 24427, 25128]","[26539, 26525, 26541]",Not Found,0.0
0.5,watch_d,Guidebook,How many steps are needed to customize the function of the Down Button?,"[26591, 26589, 26590, 26592, 2571, 26493, 2535, 18821, 2532, 2572]","[26589, 26590, 26591]",1,1.0
0.5,watch_d,Guidebook,What will happen when you press and hold the down button?,"[18307, 18119, 2532, 18130, 2534, 18203, 18250, 23026, 23055, 18133]",[26503],Not Found,0.0
0.5,fd76bbefe469561966e5387aa709c482,Academic paper,What is the title of the of the Figure 2?,"[24681, 25662, 2476, 2478, 18973, 24679, 25742, 11738, 25759, 25701]","[851, 852]",Not Found,0.0
0.5,fd76bbefe469561966e5387aa709c482,Academic paper,"Among figure 1-4, how many figures show more than one breccia gash?","[851, 847, 895, 899, 909, 877, 897, 853, 839, 852]","[850, 851, 853, 854]",1,0.5
0.5,fd76bbefe469561966e5387aa709c482,Academic paper,"When was the last serious shock recorded in the table? The answer needs to be accurate to the year, month, day, hour, and minute. For example: 1883 Dec.7, 2 8 p.m.","[901, 896, 864, 22668, 879, 865, 900, 883, 25710, 16300]",[864],3,1.0
0.5,finalpresentationdeck-whatwhyhowofcertificationsocial-160324220748_95,Brochure,"Regarding the table for 3rd sampled question for the exam,  how many more times did Recruiter A view profiles than Recruiter B?","[1243, 1317, 1315, 1267, 5857, 1301, 1311, 1314, 1316, 1318]",[1267],4,1.0
0.5,finalpresentationdeck-whatwhyhowofcertificationsocial-160324220748_95,Brochure,"Regarding the table for 3rd sampled question for the exam, what is the total number of non-response InMails for Recruiter A and B?","[1267, 7432, 2737, 12202, 7446, 9021, 7441, 7431, 12207, 26042]",[1267],1,1.0
0.5,finalpresentationdeck-whatwhyhowofcertificationsocial-160324220748_95,Brochure,How many sampled questions illustrated in this slide?,"[11106, 9836, 9573, 14035, 9749, 13676, 11110, 11830, 12460, 10673]","[1264, 1261, 1266, 1269]",Not Found,0.0
0.5,finalpresentationdeck-whatwhyhowofcertificationsocial-160324220748_95,Brochure,What is the second FAQ shown in this slides?,"[24304, 22134, 1182, 1183, 10239, 4706, 2835, 9844, 4682, 4693]","[1312, 1309]",Not Found,0.0
0.5,finalmediafindingspdf-141228031149-conversion-gate02_95,Research report / Introduction,How many districts were sampled during Wave III?,"[1118, 1114, 1115, 18865, 1117, 1131, 1119, 15179, 1082, 1112]",[1118],1,1.0
0.5,finalmediafindingspdf-141228031149-conversion-gate02_95,Research report / Introduction,How many fieldwork personnel in all for Wave I and Wave II?,"[1118, 1119, 1117, 12363, 1386, 1387, 1120, 9018, 1111, 1072]",[1118],1,1.0
0.5,finalmediafindingspdf-141228031149-conversion-gate02_95,Research report / Introduction,What is the color of Kailali in the map of Page 12?,"[15097, 8051, 20064, 15525, 13213, 11983, 20367, 3185, 19330, 21219]",[1147],Not Found,0.0
0.5,finalmediafindingspdf-141228031149-conversion-gate02_95,Research report / Introduction,"Among 4021 respondents,  what is the percentage of them having a smart phone?","[8790, 1152, 8764, 19542, 19610, 1150, 8874, 1163, 8793, 18022]","[1194, 1197, 1198]",Not Found,0.0
0.5,finalmediafindingspdf-141228031149-conversion-gate02_95,Research report / Introduction,How many percentage respondents in this survey access to internet few times a week or more?,"[1153, 1150, 1152, 1212, 1187, 1214, 1208, 8943, 1206, 1210]","[1212, 1214]",4,1.0
0.5,finalmediafindingspdf-141228031149-conversion-gate02_95,Research report / Introduction,Enumerate the media sources surveyed in this report.,"[8867, 8790, 8793, 1198, 17796, 26170, 19459, 8943, 1218, 15585]","[1209, 1211, 1213, 1207]",Not Found,0.0
0.5,finalmediafindingspdf-141228031149-conversion-gate02_95,Research report / Introduction,How many female respondents in wave III never listen to the radio in recent half year?,"[1153, 1163, 1171, 1154, 1150, 1167, 8871, 1081, 1168, 1170]","[1152, 1153, 1132, 1118]",1,0.25
0.5,guojixueshengshenghuozhinanyingwen9.1,Guidebook,"I want to see a doctor in the campus hospital.  After registering at the registration area, what is the next step?","[2322, 2321, 2404, 2405, 2318, 2320, 1915, 19998, 16311, 1918]",[2321],2,1.0
0.5,guojixueshengshenghuozhinanyingwen9.1,Guidebook,"What is the place locating at the intersection between Zijing Road and Xuetang Road? Give me the letter shown in the campus map of this guideline.  For example, ""A"". ","[2154, 2175, 2103, 2120, 2138, 2024, 2121, 2405, 2063, 2139]",[2409],Not Found,0.0
0.5,guojixueshengshenghuozhinanyingwen9.1,Guidebook,"How many QR codes are shown in the ""Academics and Related Resources"" part of this guidebook?","[9085, 19800, 2245, 2418, 2256, 2728, 2304, 19470, 23472, 23466]","[2304, 2313, 2254, 2255, 2299]",7,0.2
0.5,guojixueshengshenghuozhinanyingwen9.1,Guidebook,"I'm at the location ""J"" shown in the campus map. Tell me the name of the nearest coffee shop.","[2136, 2103, 26988, 26851, 2102, 26875, 2126, 2139, 2108, 2117]","[2104, 2409]",Not Found,0.0
0.5,indonesiamobilemarketresearch-ag-150106055934-conversion-gate02_95,Research report / Introduction,"On the slide that starts with the text Country Overview in the top-left corner and is followed with a bulleted list with the first entry in that list being Population: (July 2013 est.) 251,160,124, how much greater is the GDP per capita for 2012 than 2011?","[8764, 534, 8773, 3777, 1127, 3919, 1129, 3327, 4647, 21916]",[8764],1,1.0
0.5,indonesiamobilemarketresearch-ag-150106055934-conversion-gate02_95,Research report / Introduction,"Looking at the Slide of country overview, by what percent did ""Smartphone Penetration"" grow between 2013 and 2015?","[8764, 8775, 8864, 8790, 18009, 8820, 8884, 26855, 24897, 17995]",[8764],1,1.0
0.5,indonesiamobilemarketresearch-ag-150106055934-conversion-gate02_95,Research report / Introduction,Which group accounts for the second largest share in terms of religious demographics in Slide 4 in 2014?,"[1126, 1125, 1127, 4699, 17963, 8796, 3272, 8795, 8793, 17972]",[8773],Not Found,0.0
0.5,indonesiamobilemarketresearch-ag-150106055934-conversion-gate02_95,Research report / Introduction,What is the name of the second largest telecom operator in terms of the number of subscribers in the period 2013-2014?,"[8803, 8793, 8790, 8798, 8783, 8796, 8787, 8781, 8804, 8805]",[8790],3,1.0
0.5,indonesiamobilemarketresearch-ag-150106055934-conversion-gate02_95,Research report / Introduction,"Comparing to the Telecom Operators in 2014 and 2013-2014, What are the Operators that are not in common? Please list the names in list format, e.g., [""a"",""b""] ","[8795, 8803, 8800, 8802, 8796, 8805, 8793, 8809, 8804, 8807]","[8793, 8790]",7,0.5
0.5,indonesiamobilemarketresearch-ag-150106055934-conversion-gate02_95,Research report / Introduction,What are the Online Games native major internet companies and the Telecom Operator name of the second largest Prepaid ARPU in 2008? Please list the answer in list with reverse alphabetical order.,"[8795, 8796, 8804, 8793, 8803, 8790, 8802, 8785, 8861, 8783]","[8828, 8796]",2,0.5
0.5,indonesiamobilemarketresearch-ag-150106055934-conversion-gate02_95,Research report / Introduction,"In the slide that includes Mobile Internet Demographics and Trends, how many colors are there in the chart in the top right corner?","[8878, 8871, 8877, 8879, 8880, 19552, 8764, 8874, 19553, 19612]","[8877, 8878]",1,1.0
0.5,indonesiamobilemarketresearch-ag-150106055934-conversion-gate02_95,Research report / Introduction,What is the chart legend name that with a flag in the slide 31 have from 2008-2012?,"[6673, 9843, 22068, 18476, 3403, 9572, 22152, 6203, 8796, 13078]",[8867],Not Found,0.0
0.5,obs-productdesc-en,Guidebook,"How many ""objects"" with black color does the figure in Page 2 contains?","[18938, 12634, 12605, 6065, 18940, 18926, 10791, 18734, 18929, 18932]",[18747],Not Found,0.0
0.5,obs-productdesc-en,Guidebook,What is the benefit of level-2 in the system has passed TRUCS in Page 8?,"[4868, 18765, 26484, 21664, 60, 12691, 11984, 5279, 5604, 2938]","[18761, 18764]",Not Found,0.0
0.5,obs-productdesc-en,Guidebook,How many end-use mobile electronic devices are contained in the Enterprise cloud boxes (web disks) in the flow chart? ,"[18828, 18825, 559, 18822, 19905, 9040, 9021, 18867, 25602, 18814]","[18828, 18821]",1,0.5
0.5,obs-productdesc-en,Guidebook,How many common operations supported by each system-defined policy or role of OBS? Write down the answer in int format.,"[18898, 18897, 18744, 18915, 18835, 18833, 18972, 18761, 21671, 18818]","[18897, 18899, 18900, 18901, 18902]",2,0.2
0.5,welcome-to-nus,Brochure,How many people with red shirt are there in the Page 14?,"[17531, 16769, 1568, 15069, 16921, 20417, 24390, 21145, 15367, 20058]",[26879],Not Found,0.0
0.5,welcome-to-nus,Brochure,How many NUSSU constituent clubs and NUSSU committees are there respectively? Please write the answer in list format.,"[26905, 26908, 26904, 26906, 26907, 26909, 26921, 20569, 26912, 5373]","[26912, 26910]",9,0.5
0.5,welcome-to-nus,Brochure,How many people are there in the Figure from page 19 to page 21? Please write the answer in float format.,"[18219, 17214, 18065, 26158, 26154, 7175, 17347, 4411, 24128, 21275]","[26932, 26925, 26919]",Not Found,0.0
0.5,welcome-to-nus,Brochure,"How many Halls of Residence,  Residential colleges,  and studsent residences are there in NUS respectively? Please write the answer in list with ascending order, e.g., [""1"",""2""]","[1967, 26992, 26802, 2356, 26783, 2145, 2276, 2095, 2154, 4462]","[26988, 26994, 26995, 26996, 26998, 26999, 27000, 27002, 27007]",Not Found,0.0
0.5,welcome-to-nus,Brochure,"For the learning resources, which facilities are opened on Saturday in NUS Kent Ridge Campus? Give me a list.","[26802, 26800, 26803, 2305, 26923, 26958, 27031, 26908, 26836, 27100]","[27040, 27044, 27016, 27049, 27035, 27036]",Not Found,0.0
0.5,f8d3a162ab9507e021d83dd109118b60,Administration/Industry file,How many quizzes are there in the entire course?,"[4573, 605, 14843, 604, 8962, 836, 1891, 602, 597, 596]","[805, 811, 818, 823, 795, 796, 799]",Not Found,0.0
0.5,f8d3a162ab9507e021d83dd109118b60,Administration/Industry file,"How many quizzes are there in units 4, 5, and 6 combined?","[12907, 11388, 12992, 12980, 18063, 12801, 11378, 12373, 12901, 18011]","[633, 641, 654]",Not Found,0.0
0.5,f8d3a162ab9507e021d83dd109118b60,Administration/Industry file,How many lines are highlighted in yellow on the first page? Give me an integer.,"[16401, 26858, 20948, 17217, 19674, 17990, 26809, 15027, 17969, 15965]",[596],Not Found,0.0
0.5,f8d3a162ab9507e021d83dd109118b60,Administration/Industry file,How to prepare for Tomorrow's Workplace Skills for QUARTER 3? ,"[819, 821, 816, 820, 824, 646, 692, 655, 682, 635]","[819, 797]",1,0.5
0.5,f8d3a162ab9507e021d83dd109118b60,Administration/Industry file,what are the names of Unit 1 and Unit 2 in Semester 1:quarter 1?,"[794, 823, 826, 26823, 641, 828, 608, 640, 813, 596]","[609, 615]",Not Found,0.0
0.5,f8d3a162ab9507e021d83dd109118b60,Administration/Industry file,What is the title of case study given under unit-8 in table?,"[811, 671, 619, 797, 800, 799, 27100, 11314, 735, 11966]",[671],2,1.0
0.5,f8d3a162ab9507e021d83dd109118b60,Administration/Industry file,How many critical thinking case studies are included in all the assignments?,"[619, 671, 796, 798, 811, 800, 797, 1308, 627, 799]","[619, 628, 614, 671]",1,0.5
0.5,f8d3a162ab9507e021d83dd109118b60,Administration/Industry file,how many LEARNING OUTCOMES should be ANSWERed in UNIT 8? ,"[658, 686, 702, 755, 611, 726, 694, 666, 642, 651]","[666, 667, 668]",8,0.33
0.5,f8d3a162ab9507e021d83dd109118b60,Administration/Industry file,what's the topic of UNIT 14?,"[629, 725, 693, 609, 685, 712, 701, 610, 615, 754]",[725],2,1.0
0.5,t480_ug_en,Guidebook,How many connectors are there on the right side view of the computer?,"[24174, 127, 23945, 25787, 2476, 25790, 19046, 22452, 108, 1948]","[24148, 24149]",Not Found,0.0
0.5,t480_ug_en,Guidebook,How many trackpad gestures does this computer have?,"[24415, 24413, 18096, 24332, 18422, 2534, 24411, 24382, 24703, 2476]","[24332, 24333]",4,0.5
0.5,t480_ug_en,Guidebook,Which side of the camera indicator is on the infrared camera lens?,"[25650, 24581, 24578, 13452, 13554, 24579, 23563, 24104, 18689, 7432]","[24560, 24577, 24578, 24572]",3,0.25
0.5,t480_ug_en,Guidebook,How many switches do you need to flip to remove the battery?,"[22540, 22614, 25511, 26548, 22694, 23861, 25774, 25650, 25652, 24173]",[25650],8,1.0
0.5,t480_ug_en,Guidebook,Which country or region codes are needed to install Windows 10 in Mainland China?,"[24897, 24896, 24237, 4432, 25572, 2110, 23955, 23046, 24326, 23586]",[24897],1,1.0
0.5,t480_ug_en,Guidebook,Which chemical element in the hard disk exceeds the limit requirements stipulated in the GB/T 26572 standard?,"[25544, 24813, 24824, 21369, 24314, 24429, 10321, 24815, 2479, 24814]",[26034],Not Found,0.0
0.5,t480_ug_en,Guidebook,How many UltraConnect wireless antennas does this computer have?,"[25901, 25900, 25902, 25898, 23845, 24026, 25899, 23732, 24513, 23844]",[25901],1,1.0
0.5,q1-2023-bilibili-inc-investor-presentation,Financial report,By what percentage has gross profit increased in Q1 of 2023 compared to Q1 of 2022?,"[19374, 3645, 3664, 19375, 3777, 19495, 3665, 17017, 19514, 2999]","[19369, 19374]",1,0.5
0.5,q1-2023-bilibili-inc-investor-presentation,Financial report,What percentage of users are under 35?,"[19384, 8878, 8880, 8877, 8915, 8874, 8793, 8790, 19658, 8943]","[19384, 19378]",1,0.5
0.5,q1-2023-bilibili-inc-investor-presentation,Financial report,What animals appear on page nine? Enumerate them in a list.,"[8923, 2100, 3834, 1819, 15202, 15869, 17718, 16522, 15870, 17139]",[19406],Not Found,0.0
0.5,q1-2023-bilibili-inc-investor-presentation,Financial report,"Compared with 22Q1, in 23Q1, how much higher is the increase rate of number of daily average active content creators than average daily video views?","[19417, 19410, 19379, 19431, 8958, 8871, 19378, 8938, 8877, 1216]","[19417, 19414]",1,0.5
0.5,q1-2023-bilibili-inc-investor-presentation,Financial report,How many times does mobile phone appear on pages 16 and 18?,"[19612, 18828, 20043, 9137, 1191, 8878, 8852, 8813, 19630, 19666]","[19459, 19461, 19463, 19443, 19446]",Not Found,0.0
0.5,measuringsuccessonfacebooktwitterlinkedin-160317142140_95,Tutorial/Workshop,"What is the Source of the data for the audience of the platform whose metrics are page likes, post clicks, video views, post reach, hide, report as spam, unlikes, 30-second views++, post types, engagement: reactions, shares, comments, and FB referral traffic?","[8938, 19417, 19622, 3984, 19602, 8897, 17996, 8992, 8871, 18008]","[8938, 8915]",1,0.5
0.5,measuringsuccessonfacebooktwitterlinkedin-160317142140_95,Tutorial/Workshop,How many likes does the post by Disneyland have on the platform with an audience of 10.6 for Age 65+?,"[1730, 8915, 8944, 8897, 14750, 19384, 19463, 16997, 16181, 21338]","[8930, 8915, 8932, 8931]",2,0.25
0.5,measuringsuccessonfacebooktwitterlinkedin-160317142140_95,Tutorial/Workshop,"In the two years 2013-2014, in which year is there a lower percentage of users from rural locations on the platform whose measurement tools include Twitter Analytics, Followerwonk, Buffer, and TweetReach?","[8764, 8943, 8873, 4764, 14613, 8960, 1735, 8944, 8831, 2047]","[8960, 8961, 8943, 8957, 8959]",2,0.4
0.5,measuringsuccessonfacebooktwitterlinkedin-160317142140_95,Tutorial/Workshop,"In 2013, what is the total percentage of online adult users in the ""White, Non-Hispanic"" and ""Hispanic"" categories on the platform whose metrics include Followers, Tweet Clicks, Video Views, Tweet Reach, Engagement Rate, Completion Rate, Engagement: Mentions, Retweets, Likes, Top Tweet, Top Mention, Top Follower, Top Media Tweet, and Twitter Referral Traffic?","[8958, 3658, 9040, 18189, 19422, 8943, 2737, 18396, 4546, 18399]","[8958, 8943]",1,1.0
0.5,measuringsuccessonfacebooktwitterlinkedin-160317142140_95,Tutorial/Workshop,Which account tweets content tagged #WednesdayWisdom?,"[8952, 8898, 16823, 15788, 8942, 8947, 15734, 14414, 26707, 14613]",[8952],1,1.0
0.5,measuringsuccessonfacebooktwitterlinkedin-160317142140_95,Tutorial/Workshop,What is the total percentage of `college graduate` and `high school or less` on the platform whose measurement tools include Google Analytics?,"[8962, 27009, 25904, 8943, 26949, 19417, 9842, 1769, 15453, 18565]","[8962, 8996]",1,0.5
0.5,measuringsuccessonfacebooktwitterlinkedin-160317142140_95,Tutorial/Workshop,"Which metrics are NOT included in LinkedIn Metrics: Post Reach, Post Types, Video Views?","[8938, 8958, 18034, 18541, 18609, 18544, 18546, 8992, 8897, 17843]","[8992, 8938, 8958]",1,1.0
0.5,measuringsuccessonfacebooktwitterlinkedin-160317142140_95,Tutorial/Workshop,What is the total percentage of income > 75k for the LinkedIn platform?,"[8962, 8791, 8943, 19539, 8612, 8992, 19662, 8880, 11981, 8832]",[8962],1,1.0
0.5,mmdetection-readthedocs-io-en-v2.18.0,Guidebook,What's the color of the 'loss_cls' line in the loss curve image?,"[13908, 9336, 10151, 12987, 13932, 13977, 13572, 13898, 10278, 13288]",[10278],9,1.0
0.5,mmdetection-readthedocs-io-en-v2.18.0,Guidebook,"If I want to use the detector in the paper `SOLO: Segmenting Objects by Locations`, what is the implemented class name in `mmdet.models.dense_heads`? ","[11993, 14225, 12496, 14255, 14234, 14237, 14252, 14232, 14264, 14219]",[12711],Not Found,0.0
0.5,mmdetection-readthedocs-io-en-v2.18.0,Guidebook,How many data preparation operators in the classical pipeline?,"[9963, 9961, 9967, 10499, 9962, 9966, 11625, 9749, 9960, 9637]",[9963],1,1.0
0.5,mmdetection-readthedocs-io-en-v2.18.0,Guidebook,Which paper uses the Fast NMS processing?,"[14452, 12639, 24846, 12279, 12922, 20127, 12324, 20966, 14197, 24121]",[11360],Not Found,0.0
0.5,tacl_a_00660,Academic paper,"Among the three correction strategies: training-time correction, generation-time correction, and post-hoc correction, which one has the most representative papers in the survey? ","[26140, 26216, 26142, 26188, 26167, 26109, 26129, 26187, 26191, 26134]","[26144, 26134, 26143]",10,0.33
0.5,tacl_a_00660,Academic paper,"How many strategies are plotted for training-time correction, generation-time correction, and post-hoc correction, respectively? Write the answer in the list format, e.g., [""1"",""2""]","[26142, 26140, 26167, 26129, 26188, 26204, 26186, 26216, 26143, 26191]","[26144, 26168, 26151]",Not Found,0.0
0.5,tacl_a_00660,Academic paper,"For the papers that adopted the Self-Refine strategy in Table 2, how many of them are not mentioned in the ""Self-Correction"" section of page 9? Write the answer in int format.","[26169, 26143, 13467, 26216, 26134, 26110, 26191, 26309, 26211, 26196]","[26158, 26134, 26169, 26170, 26143]",1,0.6
0.5,tacl_a_00660,Academic paper,"For the papers that adopted the Model Debate strategy in Table 2, how many of them are not mentioned in Section 3.4? Write the answer in float format.","[26143, 20542, 14233, 14229, 14214, 14260, 7558, 11915, 7560, 10071]","[26179, 26180, 26181, 26182, 26183, 26134, 26170, 26171, 26143]",1,0.11
0.5,tacl_a_00660,Academic paper,"For all the papers that are listed in Table 1 and Table 2, how many of them are proposed in 2021?","[10208, 20871, 3593, 6577, 21963, 6686, 13709, 3423, 3533, 3301]","[26134, 26143]",Not Found,0.0
0.5,owners-manual-2170416,Guidebook,"In the two styles shown in the ""Parts and Features"" section, are both styles have the egg bin in the picture? Directly answer 'yes' or 'no'.","[19024, 19026, 890, 19292, 2476, 17362, 121, 25724, 1948, 21846]","[19024, 19026]",1,1.0
0.5,owners-manual-2170416,Guidebook,"In the ""Before Using Your Refrigerator"" Section, ""Installing it properly"" is the step before or after the step ""Plugging it in""? ","[18996, 19020, 19279, 19031, 19068, 19334, 19061, 23616, 19042, 9202]","[19042, 19047]",9,0.5
0.5,owners-manual-2170416,Guidebook,How many steps are required to replace the grille? Write the answer in float format.,"[19187, 19185, 19186, 19184, 19183, 19182, 16643, 19026, 19329, 19180]","[19184, 19185]",2,1.0
0.5,f1f5242528411b262be447e61e2eb10f,Academic paper,Which transcript have been included in the translation process in Re-Sense mutation,"[226, 9744, 191, 11811, 188, 18257, 223, 18335, 11506, 175]",[226],1,1.0
0.5,f1f5242528411b262be447e61e2eb10f,Academic paper,What does a point mutation of the codon TTT or thymine-thymine define?,"[222, 228, 225, 187, 229, 202, 226, 218, 215, 221]","[211, 222]",1,0.5
0.5,f1f5242528411b262be447e61e2eb10f,Academic paper,What DNA repair mechanisms does Figure 11 demonstrate?,"[324, 326, 325, 322, 24810, 163, 327, 17080, 22813, 289]",[326],2,1.0
0.5,f1f5242528411b262be447e61e2eb10f,Academic paper,Which step in Figure 1 maps to the content of Figure 10?,"[10400, 2476, 2478, 26158, 11298, 22872, 22764, 13604, 11768, 9955]","[170, 282]",Not Found,0.0
0.5,f1f5242528411b262be447e61e2eb10f,Academic paper,Which figures depict mutation mechanisms with the double-chain DNA structure?,"[326, 214, 193, 285, 186, 290, 229, 286, 158, 322]","[214, 326, 207]",1,0.67
0.5,formwork-150318073913-conversion-gate01_95,Tutorial/Workshop,Is 20mm Sheeting or 25mm Sheeting an appropriate size for timber formwork?,"[1386, 1664, 1439, 1607, 1687, 1385, 1367, 5747, 1452, 1390]",[1386],1,1.0
0.5,formwork-150318073913-conversion-gate01_95,Tutorial/Workshop,How many engineering diagrams are shown to explain the formwork for columns? Any instance is considered as a separate diagram.,"[1422, 1436, 1608, 1433, 1434, 37, 1430, 50, 53, 1449]",[1433],4,1.0
0.5,formwork-150318073913-conversion-gate01_95,Tutorial/Workshop,Which stages of casting a tunnel framework require a heater?,"[23348, 1596, 13954, 1590, 13948, 998, 13984, 13898, 22390, 13980]",[1590],4,1.0
0.5,formwork-150318073913-conversion-gate01_95,Tutorial/Workshop,How many days of rapid hardening cement are needed for the first structural member shown in the slides?,"[1664, 15796, 26408, 26407, 1555, 21012, 15262, 15672, 19683, 1381]","[1664, 1418]",1,0.5
0.5,formwork-150318073913-conversion-gate01_95,Tutorial/Workshop,What are the special forms of column formworks that are illustrated with diagrams in the slides?,"[1449, 52, 51, 56, 53, 1430, 1433, 1423, 1370, 55]","[1440, 1441, 1442, 1443, 1444, 1445, 1446, 1447, 1448, 1434, 1437, 1438, 1439]",Not Found,0.0
0.5,germanwingsdigitalcrisisanalysis-150403064828-conversion-gate01_95,Research report / Introduction,How many more Tweets are attributed to Germanwings than Lufthansa?,"[1787, 1786, 1785, 1767, 1724, 1762, 1725, 1707, 1730, 1729]",[1786],2,1.0
0.5,germanwingsdigitalcrisisanalysis-150403064828-conversion-gate01_95,Research report / Introduction,"How many Tweets are attributed to Germanwings, Lufthansa, and Airbus in total?","[1787, 1786, 1707, 1724, 1762, 1767, 1785, 1725, 1790, 1730]",[1786],2,1.0
0.5,germanwingsdigitalcrisisanalysis-150403064828-conversion-gate01_95,Research report / Introduction,What colors are the Lufthansa logo within the first 90 minutes and afterward until 120 minutes?,"[1725, 1731, 1730, 1745, 1767, 9120, 1762, 1729, 1766, 1768]","[1730, 1725, 1726]",1,0.67
0.5,germanwingsdigitalcrisisanalysis-150403064828-conversion-gate01_95,Research report / Introduction,How many figures are related to Airbus?,"[1745, 1774, 1791, 1775, 1787, 1742, 1724, 1769, 1744, 2179]","[1767, 1768, 1769, 1740, 1773, 1774, 1775, 1745, 1726]",1,0.44
0.5,germanwingsdigitalcrisisanalysis-150403064828-conversion-gate01_95,Research report / Introduction,"When did the number of tweets referencing Germanwings exceed 200,000? Your report time should be in CET time, like '17:05 CET'.","[1786, 1787, 1718, 1801, 1736, 1740, 1735, 1795, 1762, 1773]","[1805, 1806]",Not Found,0.0
0.5,germanwingsdigitalcrisisanalysis-150403064828-conversion-gate01_95,Research report / Introduction,Is the Germanwings Facebook account logo consistent before and after the first 120 minutes?,"[1718, 1736, 1730, 1735, 1716, 1729, 1787, 1726, 1717, 1786]","[1730, 1731, 1736, 1740, 1726]",2,0.6
0.5,germanwingsdigitalcrisisanalysis-150403064828-conversion-gate01_95,Research report / Introduction,In how many hours Airbus incorporated a pop-up notification acknowledging the incident?,"[1772, 17770, 1762, 22540, 1721, 2841, 2553, 1724, 1795, 18394]","[1766, 1767, 1768, 1769, 1772, 1773, 1774, 1775]",1,0.12
0.5,germanwingsdigitalcrisisanalysis-150403064828-conversion-gate01_95,Research report / Introduction,How many instances of Lufthansa's official website are presented?,"[1769, 1730, 1767, 1766, 1731, 1708, 1729, 1762, 1745, 1790]","[1762, 1767, 1768, 1769, 1740, 1745]",1,0.67
0.5,germanwingsdigitalcrisisanalysis-150403064828-conversion-gate01_95,Research report / Introduction,"What are the incident and report dates? Save your answer as a list, with each data formatted as 'YYYY-MM-DD'.","[1772, 4682, 4686, 4680, 1809, 1716, 4684, 17328, 4699, 4685]","[1697, 1695]",Not Found,0.0
0.5,germanwingsdigitalcrisisanalysis-150403064828-conversion-gate01_95,Research report / Introduction,How many percent of Germanwings focused tweets are in English?,"[1786, 1736, 1735, 1740, 1785, 1721, 1787, 1801, 1795, 1773]",[1785],5,1.0
0.5,efis-140411041451-phpapp01_95,Tutorial/Workshop,Which seven sensors are connected to the ECU?,"[59, 151, 64, 68, 133, 139, 74, 2648, 69, 91]","[59, 53]",1,0.5
0.5,efis-140411041451-phpapp01_95,Tutorial/Workshop,In which system the throttle valve is placed beneath the fuel injector?,"[32, 36, 25, 151, 33, 79, 77, 143, 139, 59]","[32, 25]",1,1.0
0.5,efis-140411041451-phpapp01_95,Tutorial/Workshop,How many figures illustrated the structure of fuel injectors?,"[19060, 13535, 33, 72, 75, 15, 79, 77, 69, 46]","[42, 45]",Not Found,0.0
0.5,efis-140411041451-phpapp01_95,Tutorial/Workshop,What temperature sensors are illustrated with figures in the slides?,"[151, 106, 123, 59, 18689, 99, 18139, 18681, 23899, 23893]","[111, 112, 113, 114, 115, 117, 118, 122, 123, 124]",3,0.1
0.5,efis-140411041451-phpapp01_95,Tutorial/Workshop,What are connected with fuel supply?,"[69, 53, 33, 36, 130, 72, 50, 57, 4, 5646]","[53, 151]",2,0.5
0.5,efis-140411041451-phpapp01_95,Tutorial/Workshop,How many outputs does the example ECU have?,"[59, 69, 68, 66, 63, 64, 133, 67, 31, 13222]","[59, 53]",1,0.5
0.5,san-francisco-11-contents,Guidebook,What is the Pier with the longest coast line?,"[18665, 21033, 21086, 18667, 21298, 15059, 2367, 4050, 839, 3928]",[21082],Not Found,0.0
0.5,san-francisco-11-contents,Guidebook,Name a restaurant between 36th Ave. and 37th Ave..,"[21301, 21330, 21188, 21292, 21018, 21167, 21185, 21155, 21108, 21331]","[21330, 21319]",2,0.5
0.5,transform-software-delivery-with-valueedge-brochure,Brochure,What are the services of ValueEdge ops?,"[26484, 26483, 26482, 26485, 26466, 26458, 26447, 26446, 26457, 26467]",[26484],1,1.0
0.5,transform-software-delivery-with-valueedge-brochure,Brochure,What is the title of the page that contains a screenshot?,"[18209, 18211, 18095, 18096, 18203, 18122, 18206, 18215, 17432, 24553]",[26438],Not Found,0.0
0.5,transform-software-delivery-with-valueedge-brochure,Brochure,What is the name of the workspace shown as an example?,"[3205, 25222, 5711, 4070, 5122, 9691, 25022, 9326, 221, 25023]",[26438],Not Found,0.0
0.5,transform-software-delivery-with-valueedge-brochure,Brochure,What are the five steps of ValueEdge Insights?,"[26484, 26454, 26447, 26443, 26452, 26456, 26465, 26416, 26448, 26415]",[26484],1,1.0
0.5,nielsen2015musicbizpresentation-final-150526143534-lva1-app6891_95,Research report / Introduction,What is the difference of listening time in Avg. weekly hours between 2013 and 2014?,"[17959, 8943, 13984, 13948, 13954, 25033, 13885, 10042, 23470, 10043]",[17959],1,1.0
0.5,nielsen2015musicbizpresentation-final-150526143534-lva1-app6891_95,Research report / Introduction,What is the difference of listening time in Avg. weekly Hours between 2013 and the year when Streaming had a 20% share of the business?,"[17975, 17963, 17968, 18033, 17959, 17961, 17972, 15579, 18872, 13948]","[17961, 17963, 17959]",2,1.0
0.5,nielsen2015musicbizpresentation-final-150526143534-lva1-app6891_95,Research report / Introduction,What is the combined percentage of Album Sales % and Song Sales % for the Country genre?,"[17977, 17968, 17975, 17972, 17961, 17980, 8858, 14409, 19586, 8815]","[17968, 17966]",2,0.5
0.5,nielsen2015musicbizpresentation-final-150526143534-lva1-app6891_95,Research report / Introduction,What kind of albums are reducing the share of their business due to streaming?,"[17963, 18033, 17962, 18016, 17975, 15579, 8861, 17967, 17972, 17565]","[17961, 17963]",1,0.5
0.5,nielsen2015musicbizpresentation-final-150526143534-lva1-app6891_95,Research report / Introduction,What is the difference in total volume between the rank 1 and rank 19 top albums?,"[17982, 26181, 17984, 17980, 6789, 11543, 11824, 18048, 3498, 3652]","[17980, 17982]",1,1.0
0.5,mi_phone,Guidebook,"According to the overview section, list the buttons of Mi phones","[9021, 9622, 9020, 2732, 9019, 9093, 2733, 24490, 18340, 9099]","[9020, 9021]",1,1.0
0.5,mi_phone,Guidebook,How many icons can be found in Status Bar? ,"[9086, 9172, 5577, 18156, 9119, 18669, 18158, 22694, 18159, 9087]","[9088, 9089]",Not Found,0.0
0.5,mi_phone,Guidebook,List all the different icons about networks that can be found in Status Bar,"[18158, 26216, 23001, 21186, 10594, 15789, 21292, 21262, 9123, 9203]",[9088],Not Found,0.0
0.5,mi_phone,Guidebook,"How many interface layout examples of virtual keypads are shown in Chapter 3 for text input purpose? 
","[9116, 9117, 14206, 9118, 26042, 18113, 18422, 24741, 24998, 24382]",[9119],Not Found,0.0
0.5,mi_phone,Guidebook,How many steps are needed for editing an SMS?,"[9173, 9175, 9174, 9177, 9176, 9186, 9032, 9172, 14776, 9171]","[9173, 9174, 9175, 9176, 9177]",1,1.0
0.5,mi_phone,Guidebook,What are the last four example websites in the figure of Page 29,"[4307, 3713, 18442, 24124, 522, 2247, 24623, 16435, 2400, 1745]",[9264],Not Found,0.0
0.5,stereo_headset,Guidebook,How many items are included in the package?,"[20899, 15861, 19309, 22545, 20698, 19314, 19310, 12202, 5780, 14284]","[22545, 22546, 22547, 22548, 22549, 22550, 22551, 22552, 22553, 22554, 22555, 22556]",4,0.08
0.5,stereo_headset,Guidebook,How many parts are introduced of the headset including their locations and functions? ,"[23917, 12249, 22597, 13276, 23443, 23425, 23895, 22567, 22711, 12463]","[22568, 22566, 22567]",8,0.33
0.5,stereo_headset,Guidebook,What if the USB AC adaptor supplies an output less than 1.5 A for the headset?,"[22652, 23329, 12113, 13535, 14067, 91, 12092, 12107, 23211, 15338]",[22652],1,1.0
0.5,f86d073b0d735ac873a65d906ba82758,Financial report,What is total dividend of Erstwhile ITC Hotels Limited (in Rupee) between 1999 to 2000 year?,"[488, 493, 487, 534, 505, 489, 549, 3451, 553, 365]","[496, 505]",5,0.5
0.5,f86d073b0d735ac873a65d906ba82758,Financial report,Which year this document was most likely published?,"[3967, 6908, 6227, 20975, 8653, 6450, 6173, 7672, 26787, 1340]",[410],Not Found,0.0
0.5,f86d073b0d735ac873a65d906ba82758,Financial report,"What percentage of the shareholder was held by foreign companies and institutional investors as of March 31, 2007?","[478, 479, 481, 8377, 477, 20213, 5510, 11333, 8545, 4394]",[479],2,1.0
0.5,f86d073b0d735ac873a65d906ba82758,Financial report,"Among all in-office board members,  how many other chairmanships the person who attended the least board meetings hold on the boards of other companies?","[15193, 22326, 8518, 22373, 22071, 22397, 395, 7334, 7048, 7155]","[394, 379, 412, 395]",7,0.25
0.5,f86d073b0d735ac873a65d906ba82758,Financial report,"What is the sum ratio of shares held of the top-3 shareholders as on 31st, March, 2007?","[482, 478, 480, 475, 471, 17312, 7271, 484, 7264, 3447]",[482],1,1.0
0.5,f86d073b0d735ac873a65d906ba82758,Financial report,"What is total committee strengh of audit committee meetings and compensation committee meetings in 21st July,  2006?","[437, 438, 448, 450, 21675, 414, 7420, 433, 436, 7435]","[448, 418, 450, 437, 438]",1,0.8
0.5,roche-holdings_2021,Financial report,What platform does the company use to facilitate international exchange with patient organizations?,"[20483, 4906, 20616, 19922, 2938, 18795, 4291, 23429, 1611, 5540]",[20483],1,1.0
0.5,roche-holdings_2021,Financial report,What percentage of Roche's electricity comes from sustainable sources as of 2021?,"[20328, 5639, 5638, 20309, 20305, 17229, 5644, 5645, 20333, 20315]",[20309],4,1.0
0.5,roche-holdings_2021,Financial report,"How is the Corporate Executive Committee expanded in the organizational structure of the company, and what are the added functions?","[20820, 20635, 20871, 20716, 20742, 20869, 20807, 20866, 20831, 20730]",[20555],Not Found,0.0
0.5,roche-holdings_2021,Financial report,Which region has the highest number of employees of the company and how many?,"[4654, 15214, 4434, 20272, 3054, 4432, 4438, 6132, 5606, 3055]",[20272],4,1.0
0.5,roche-holdings_2021,Financial report,What is the percentage of women in the Board of Directors (BoD) of the company?,"[20272, 7164, 7663, 7323, 6258, 20706, 6183, 20725, 6831, 7195]",[20272],1,1.0
0.5,inditex_2021,Financial report,How many non-executive directors should the Audit and Compliance Committee comprise according to Inditex's regulations?,"[7411, 3574, 6521, 6273, 7609, 7904, 6188, 7527, 7505, 6202]",[7634],Not Found,0.0
0.5,inditex_2021,Financial report,How many social programmes was Inditex involved in during 2021?,"[3849, 4092, 3852, 6204, 5509, 6809, 6804, 4767, 4491, 6813]",[3831],Not Found,0.0
0.5,inditex_2021,Financial report,What was the company's gross profit for the year 2021?,"[3665, 8740, 3660, 3661, 8742, 3563, 3777, 21684, 19374, 15695]",[2977],Not Found,0.0
0.5,inditex_2021,Financial report,What was the total finance income for the company in 2021?,"[3324, 21884, 5954, 21892, 21935, 21879, 3533, 21881, 3531, 22263]",[3324],1,1.0
0.5,siemens-healthineers_2021,Financial report,How much goodwill was allocated to Siemens Healthineers' Imaging segment from the Varian acquisition?,"[22090, 21585, 21409, 21475, 21867, 21687, 21597, 21477, 22026, 22092]",[21871],Not Found,0.0
0.5,siemens-healthineers_2021,Financial report,What benefits are expected from the Siemens Healthineers acquisition of Varian?,"[21866, 21471, 21538, 21597, 21681, 22276, 21477, 21680, 22126, 21488]",[21869],Not Found,0.0
0.5,siemens-healthineers_2021,Financial report,What was the company's net income for the fiscal year 2021?,"[21767, 21888, 3661, 3669, 21553, 21765, 3673, 21584, 21454, 21813]",[21500],Not Found,0.0
0.5,siemens-healthineers_2021,Financial report,How much did the cash flows from operating activities of the company change from the fiscal year 2020 to fiscal year 2021?,"[21712, 21771, 21710, 21565, 22028, 3681, 22114, 22026, 21553, 22032]",[21553],9,1.0
0.5,siemens-healthineers_2021,Financial report,What is the major topic of the content on page 37?,"[6787, 6782, 6859, 6779, 6789, 6772, 6780, 6785, 6816, 6870]","[21705, 21710, 21711, 21712, 21713, 21714, 21715, 21716, 21717, 21718, 21719, 21695]",Not Found,0.0
0.5,news_combined,News,How many figures are there in the frontpage?,"[18221, 6586, 1451, 17954, 23444, 46, 45, 14423, 1277, 16477]","[14304, 14275, 14323, 14324, 14293, 14327]",Not Found,0.0
0.5,news_combined,News,On what date was the newspaper released?,"[15958, 17732, 14642, 14841, 17430, 12150, 15360, 14723, 16556, 1217]",[14272],Not Found,0.0
0.5,news_combined,News,Are hearing aids covered by basic Medicare?,"[14322, 25304, 14315, 26737, 22633, 5932, 13480, 20229, 26501, 13233]",[14322],1,1.0
0.5,news_combined,News,"How many Americans experience hearing loss, according to the studies cited by the FDA?","[14321, 19917, 10151, 11861, 14315, 10690, 16535, 3097, 16479, 12420]",[14321],1,1.0
0.5,news_combined,News,Is there a DJ involved in the cleanup events organized by the Kyiv group?,"[14304, 17904, 17909, 15672, 17194, 17481, 15747, 14775, 15597, 17876]",[14304],1,1.0
0.5,news_combined,News,Was Liz Cheney defeated in her primary by Harriet Hageman?,"[14310, 14316, 26327, 26173, 26098, 26174, 26237, 11933, 15458, 26264]",[14310],1,1.0
0.5,news_combined,News,Did the Colorado River's water levels reach their lowest point ever?,"[14275, 14303, 14296, 15033, 14969, 14962, 15978, 15627, 16671, 17546]",[14296],3,1.0
0.5,news_combined,News,Is Donald J. Trump's legal team planning to change the level of independence currently held by the Justice Department?,"[14365, 14377, 16236, 14361, 14373, 15086, 17849, 15970, 17052, 17057]","[14360, 14274]",Not Found,0.0
0.5,news_combined,News,Who wrote the Supreme Court article about the adoption law ruling in favor of tribes?,"[14359, 14368, 14367, 17384, 16546, 17369, 16731, 22269, 14381, 21741]","[14281, 14366]",Not Found,0.0
0.5,news_combined,News,How many Ukrainians had arrived in the United States by mid-April under various programs?,"[14440, 14804, 15060, 14433, 14437, 17185, 17223, 4552, 17667, 15699]",[14440],1,1.0
0.5,news_combined,News,Did Bed Bath & Beyond file for bankruptcy?,"[14458, 3900, 3903, 15180, 17020, 489, 21695, 15142, 14304, 3094]",[14469],Not Found,0.0
0.5,news_combined,News,Who is the author of the article discussing the exodus in Sudan?,"[14420, 15019, 15017, 14636, 15879, 14409, 848, 15009, 15015, 14365]",[14432],Not Found,0.0
0.5,news_combined,News,What was the historical significance of the wildfire in Hawaii?,"[14522, 15014, 16490, 17214, 16704, 17746, 16810, 14773, 11013, 14962]",[14522],1,1.0
0.5,news_combined,News,What executive order did President Biden sign related to China?,"[14508, 15167, 16085, 14503, 14638, 15173, 14497, 16646, 21026, 1936]",[14503],4,1.0
0.5,news_combined,News,Is PwC allowing its United States employees to work remotely forever?,"[14602, 5961, 8635, 10549, 16870, 20771, 14450, 19828, 10363, 10411]",[14602],1,1.0
0.5,news_combined,News,Has Austria's chancellor visited President Vladimir V. Putin since the Ukraine invasion?,"[14571, 15825, 14813, 15774, 17917, 17236, 15823, 17817, 14290, 15836]",[14571],1,1.0
0.5,news_combined,News,What is the name of the law firm mentioned that is allowing its staff to live anywhere in the country?,"[14602, 16425, 20141, 15544, 16141, 20966, 17671, 15985, 526, 3101]",[14602],1,1.0
0.5,news_combined,News,What percentage of Twitter's shares has Elon Musk amassed?,"[8764, 14507, 15511, 8941, 8942, 14597, 15734, 8946, 8867, 15787]",[14605],Not Found,0.0
0.5,news_combined,News,Did Mr. Fetterman experience any recent health issues while in office?,"[14697, 14695, 14688, 14694, 18118, 917, 17000, 2673, 19933, 14699]","[14697, 14610]",1,0.5
0.5,news_combined,News,Did the Pentagon shoot down an unidentified object over Alaska?,"[16356, 14646, 14677, 14893, 17824, 15076, 17522, 14676, 14294, 15152]",[14650],Not Found,0.0
0.5,news_combined,News,Did the Ukrainian government intercept phone calls from Russian soldiers?,"[17250, 17909, 17184, 14300, 15099, 15098, 17914, 17828, 17902, 17222]",[14766],Not Found,0.0
0.5,news_combined,News,"What natural disaster hit Florida, as mentioned in the newspaper?","[16490, 14971, 17465, 17746, 14823, 17773, 15532, 1819, 14561, 14819]",[14773],Not Found,0.0
0.5,news_combined,News,Who are the authors of the article discussing visual investigations?,"[27023, 19831, 5261, 14772, 16125, 9044, 18469, 10303, 1706, 17178]",[14762],Not Found,0.0
0.5,news_combined,News,Has David C. Banks announced any changes to New York City's school admissions policies?,"[14736, 15982, 14730, 14728, 14733, 14750, 15993, 17407, 14732, 16377]",[14740],Not Found,0.0
0.5,news_combined,News,Is the article about Hurricane Ian's impact in Florida written by multiple authors?,"[14763, 14737, 16343, 16717, 15819, 14543, 17768, 15491, 14363, 16728]","[14649, 14733]",Not Found,0.0
0.5,news_combined,News,How many people were airlifted out of Afghanistan?,"[14830, 15294, 15304, 15832, 5928, 15101, 17910, 16131, 15179, 16971]",[14830],1,1.0
0.5,news_combined,News,Who wrote the article on climate change for the New York Times?,"[14819, 17422, 17799, 6603, 17928, 14516, 20102, 14274, 15490, 15879]",[14821],Not Found,0.0
0.5,news_combined,News,"What is the impact of the sanctions on ordinary Russians, according to the document?","[14804, 15614, 17599, 17184, 17876, 14792, 14298, 17236, 15624, 15843]",[14792],6,1.0
0.5,news_combined,News,What was Nury Martinez's position when she made disparaging remarks about Oaxacans?,"[14881, 15030, 1916, 26224, 1114, 17334, 26857, 857, 2459, 26799]",[14881],1,1.0
0.5,news_combined,News,Did the United States label China as a national security threat?,"[15333, 15328, 16646, 2019, 14859, 15682, 15173, 5884, 16520, 21474]",[14859],5,1.0
0.5,news_combined,News,How many Republican candidates have expressed doubt about the legitimacy of the 2020 election?,"[14863, 14844, 14862, 14860, 15970, 17697, 14505, 14859, 14377, 14316]","[14804, 14862]",3,0.5
0.5,news_combined,News,"Was the ""Bloody Friday"" massacre in Zahedan linked to an anti-government protest?","[14888, 14879, 16795, 17883, 15747, 14798, 26504, 17896, 17158, 16079]",[14879],2,1.0
0.5,news_combined,News,Has Liz Truss advocated for the abolition of the British monarchy in the past?,"[14947, 15637, 17920, 14934, 15614, 4127, 3730, 16746, 15898, 15376]",[14934],4,1.0
0.5,news_combined,News,"What kind of wildlife is Horace Smith's son, Agee, now involving in the land's maintenance?","[14966, 14970, 25344, 14539, 19482, 25339, 1799, 16303, 14783, 19865]",[14966],1,1.0
0.5,news_combined,News,"What financial milestone is the ""Barbie"" movie close to reaching?","[15048, 17643, 15046, 19471, 2647, 15040, 21967, 19977, 7123, 8485]","[15048, 14970]",1,0.5
0.5,news_combined,News,Who is the current chief executive officer of Mattel?,"[15046, 6189, 6846, 8315, 20863, 8612, 15048, 16336, 20249, 16457]",[15046],1,1.0
0.5,news_combined,News,"How is ecuavoley related to Queens, New York?","[15049, 6518, 9403, 20463, 26048, 17229, 15050, 14464, 21701, 15027]",[15052],Not Found,0.0
0.5,news_combined,News,When did Ynon Kreiz take over as the CEO of Mattel?,"[15046, 23431, 8952, 16669, 23432, 3532, 14711, 9622, 15299, 23434]",[15046],1,1.0
0.5,news_combined,News,Does the article about insects appear on the front page?,"[15725, 17948, 17577, 14486, 14630, 1209, 4755, 14983, 15352, 16437]",[15113],Not Found,0.0
0.5,news_combined,News,"In the picture at the top of the newspaper, what are the soldiers standing on?","[17516, 15076, 14893, 15238, 14340, 17912, 17188, 16131, 17321, 15683]","[15076, 14997]",2,0.5
0.5,news_combined,News,How many soldiers are shown in the photo of the Ukrainian troops?,"[15683, 16712, 16643, 16659, 17262, 17145, 17909, 17222, 17250, 15104]","[15076, 14997]",Not Found,0.0
0.5,news_combined,News,Did New York State officials find a Hasidic Jewish boys’ school in Brooklyn to be providing a basic education?,"[15196, 15192, 15191, 15190, 15299, 17554, 15303, 16154, 14728, 14736]",[15196],1,1.0
0.5,news_combined,News,Has the state taken action against a Hasidic school before this incident?,"[15192, 15196, 15190, 17741, 15191, 15292, 8873, 17111, 15236, 16131]","[15192, 15114]",1,0.5
0.5,news_combined,News,What is the newspaper volume number?,"[26859, 21355, 3969, 12244, 16905, 3884, 15926, 7913, 5089, 8872]",[15143],Not Found,0.0
0.5,news_combined,News,Did Steve Scalise withdraw from the race for the speakership?,"[15259, 11197, 5604, 18444, 22266, 15460, 5894, 16245, 14695, 18475]",[15259],1,1.0
0.5,news_combined,News,How many people did Representative Steve Scalise need to be elected on the House floor?,"[15259, 15460, 19875, 20818, 15452, 26098, 15456, 16542, 12825, 17048]",[15259],1,1.0
0.5,news_combined,News,What flag did Steve Huckins like to see in Missouri?,"[15253, 15263, 15252, 17098, 16231, 11397, 12303, 15956, 15847, 15452]","[15265, 15198]",Not Found,0.0
0.5,news_combined,News,Where was Sam Bankman-Fried’s fraud trial held?,"[15264, 15257, 15248, 15260, 15261, 11395, 20562, 15797, 8082, 9852]",[15264],1,1.0
0.5,news_combined,News,How many Palestinians in Gaza were left homeless after six days of Israeli airstrikes?,"[15314, 16228, 16152, 16209, 16276, 15227, 15223, 16220, 16154, 16291]",[15223],7,1.0
0.5,news_combined,News,What did the Microsoft team report to in August 2022?,"[15328, 22364, 465, 4606, 7152, 4426, 15331, 21982, 4514, 4703]","[15328, 15257]",1,0.5
0.5,news_combined,News,What accomplishments had Louise Glück achieved before receiving the Nobel Prize?,"[15329, 15336, 15337, 15320, 6270, 16010, 8214, 7405, 1889, 6271]",[15329],1,1.0
0.5,news_combined,News,What was the proposed evacuation in northern Gaza Strip described as by a U.N. spokesman?,"[15295, 16212, 16228, 16229, 15309, 15294, 17392, 16722, 16220, 16211]",[15295],1,1.0
0.5,news_combined,News,Is mustard currently widely available on French supermarket shelves?,"[15414, 15415, 15413, 15417, 19874, 559, 5118, 10074, 11308, 14232]","[15336, 15417]",4,0.5
0.5,news_combined,News,Did the Indianapolis Star rely on multiple sources for the story about the 10-year-old girl who traveled for an abortion?,"[15404, 15371, 17834, 15367, 17857, 17120, 16165, 1176, 15085, 15375]",[15371],2,1.0
0.5,news_combined,News,"Is Dr. Frank Mitloehner associated with the University of California, Davis?","[15491, 15490, 15495, 20572, 20036, 20447, 20234, 16811, 20480, 19964]",[15491],1,1.0
0.5,news_combined,News,Was the article about attempts to vilify Nancy Pelosi authored by multiple writers?,"[15480, 15483, 15479, 15486, 15485, 16291, 17905, 15821, 17190, 15176]",[15483],2,1.0
0.5,news_combined,News,What were people dressed as during the Halloween celebration in Seoul?,"[15472, 15463, 15447, 16462, 15462, 4411, 15306, 11451, 15464, 19663]","[15472, 15403]",1,0.5
0.5,news_combined,News,Is the Democratic Republic of Congo planning to auction off land for oil investments?,"[15532, 15526, 15537, 15692, 15348, 5798, 15535, 15529, 11460, 14905]",[15532],1,1.0
0.5,news_combined,News,How much international aid was pledged to the Democratic Republic of Congo for the protection of its rainforest over five years?,"[5920, 15532, 15476, 15106, 16220, 14303, 6424, 14975, 19475, 15541]",[15551],Not Found,0.0
0.5,news_combined,News,What is the primary concern with county sheriffs investigating elections based on claims of voter fraud?,"[15547, 17558, 17697, 15548, 15625, 16812, 15543, 26096, 15016, 8183]",[15553],Not Found,0.0
0.5,news_combined,News,Are conservative activists working to recruit county sheriffs to investigate elections?,"[15547, 7642, 7739, 15458, 8773, 15545, 15543, 1125, 17558, 14971]",[15547],1,1.0
0.5,news_combined,News,Did Kansas voters have the opportunity to decide on abortion rights in their state constitution?,"[15534, 15560, 17795, 14465, 15548, 15536, 17369, 19775, 14468, 15544]",[15534],1,1.0
0.5,news_combined,News,Has the morality police been abolished in Iran?,"[15604, 15637, 15630, 15616, 6346, 26253, 15628, 15621, 7734, 4500]",[15606],Not Found,0.0
0.5,news_combined,News,What city is the Volkswagen plant that Valery Volodin works at located in?,"[15601, 1842, 10927, 21082, 14983, 10850, 13161, 22679, 18055, 1841]","[15536, 15601]",1,0.5
0.5,news_combined,News,What is the relationship between the Petrosyants brothers and Eric Adams?,"[15640, 15644, 21340, 21037, 11329, 21038, 2658, 3412, 17033, 20996]","[15640, 15565]",1,0.5
0.5,news_combined,News,Have some governments imposed export restrictions on food and fertilizers amid shortages and rising prices?,"[15697, 17664, 15682, 15699, 15696, 15223, 15876, 21627, 14554, 15949]",[15700],Not Found,0.0
0.5,news_combined,News,How many export curbs on food and fertilizers have been imposed since the invasion of Ukraine in late February?,"[15699, 17664, 15682, 15697, 15696, 15687, 15692, 15949, 15223, 16214]",[15699],1,1.0
0.5,news_combined,News,Is the European Union expected to approve an embargo on Russian oil?,"[15677, 15767, 17453, 17913, 16002, 15925, 6562, 15526, 20841, 17909]",[15681],Not Found,0.0
0.5,news_combined,News,Are Republican candidates for Rob Portman's seat in Ohio being accused of being disloyal to Donald Trump?,"[15702, 14310, 12601, 14844, 15460, 12092, 14634, 11840, 10816, 11835]","[15708, 15637]",Not Found,0.0
0.5,news_combined,News,Did the S&P 500 experience a decline in April 2022?,"[15680, 774, 16452, 15682, 752, 488, 489, 3934, 4803, 4802]",[15680],1,1.0
0.5,news_combined,News,Why did the value of the S&P 500 drop significantly in April 2022?,"[15680, 15682, 752, 774, 488, 16452, 489, 4803, 487, 3934]",[15682],2,1.0
0.5,news_combined,News,Was Elon Musk buying shares of Twitter?,"[15787, 14507, 14613, 15511, 8764, 14597, 15734, 14607, 15789, 17947]","[15787, 15715]",1,0.5
0.5,news_combined,News,Who is the world's richest man mentioned in the newspaper?,"[14605, 15825, 20855, 19030, 14846, 9539, 16147, 14852, 17630, 17356]","[15787, 15715]",Not Found,0.0
0.5,news_combined,News,Did medication abortion requests in Texas increase after the strict abortion ban?,"[15786, 17367, 17816, 15550, 10145, 15544, 17823, 1515, 17369, 17488]",[15786],1,1.0
0.5,news_combined,News,Who delivered a scathing speech to the United Nations?,"[15744, 17190, 16516, 19243, 16589, 13252, 15307, 14965, 14438, 4729]",[15744],1,1.0
0.5,news_combined,News,What is the name of the Russian U.N. ambassador?,"[15771, 14573, 17184, 14963, 15031, 14290, 15006, 17223, 17914, 15098]","[15699, 15771]",1,0.5
0.5,news_combined,News,Are the luxury assets rumored to be owned by Putin actually owned by the Russian government?,"[15768, 17913, 15773, 15766, 17917, 14791, 15775, 14571, 15614, 15767]",[15768],1,1.0
0.5,news_combined,News,Where is the Nord Stream 1 gas pipeline located?,"[15776, 15762, 11799, 11561, 11684, 11601, 15757, 9938, 11649, 909]",[15776],1,1.0
0.5,news_combined,News,What is the estimated number of deaths in Borodyanka due to airstrikes?,"[15759, 15741, 15751, 17910, 15754, 17240, 26225, 15147, 26249, 17174]",[15751],3,1.0
0.5,news_combined,News,Did the Security Council take action to stop the war after Zelensky's speech?,"[15744, 15746, 17913, 15034, 17230, 16524, 17236, 15679, 16736, 15832]",[15745],Not Found,0.0
0.5,news_combined,News,Did the defendants in Ahmaud Arbery's case help him after the shooting?,"[15856, 6952, 26263, 3838, 6180, 6971, 16100, 25053, 17127, 8265]",[15856],1,1.0
0.5,news_combined,News,Has President Biden issued sanctions related to the situation in Ukraine?,"[17664, 17913, 15034, 17909, 15699, 17177, 15832, 15838, 16515, 14577]",[15838],8,1.0
0.5,news_combined,News,Were the sanctions imposed by President Biden broad or targeted?,"[14804, 16291, 14792, 15606, 17913, 20195, 17183, 17922, 15471, 15614]","[15760, 15839]",Not Found,0.0
0.5,news_combined,News,Was Judge Aileen M. Cannon experienced in running criminal trials before the Trump classified documents case?,"[15892, 14921, 15895, 15888, 14932, 14779, 15364, 16803, 16365, 16092]","[15820, 15892]",1,0.5
0.5,news_combined,News,Has the FDA approved Florida's plan to import drugs from Canada?,"[15972, 15963, 15981, 21399, 20506, 20116, 20127, 578, 19918, 19899]","[15899, 15981]",3,0.5
0.5,news_combined,News,What is the estimated savings Florida could make in the first year of importing medications?,"[19996, 19871, 20506, 5652, 6628, 18686, 15981, 19872, 6673, 15972]","[15896, 15974]",Not Found,0.0
0.5,news_combined,News,What health conditions are treated by the medicines that Florida is planning to import?,"[15981, 19933, 15974, 20135, 21467, 20480, 20004, 20001, 19793, 19845]","[15899, 15981]",1,0.5
0.5,news_combined,News,Who is the lead author of the paper on baby galaxies observed by the James Webb Space Telescope?,"[16024, 16006, 16015, 8872, 1256, 16013, 20925, 2150, 1359, 2651]",[16015],3,1.0
0.5,news_combined,News,What office is Mike Johnston holding as one of the Democratic politicians concerned about immigration pressure?,"[15982, 16542, 16344, 16965, 16371, 16962, 14941, 5928, 16002, 14802]","[15901, 15982]",1,0.5
0.5,news_combined,News,Has Mayor Eric Adams made a recent push related to the city's mentally ill population?,"[16056, 14612, 16059, 16051, 16055, 17748, 16377, 15304, 16337, 15419]","[16056, 15970]",1,0.5
0.5,news_combined,News,Which city's residents face nearly everyday killings despite the retreat of Russian forces?,"[16079, 15098, 16075, 17148, 16071, 17896, 15099, 14775, 17905, 15747]",[16079],1,1.0
0.5,news_combined,News,"What verdict did the jury find for the Oath Keepers leader, Stewart Rhodes?","[17574, 16092, 14921, 2781, 10227, 8792, 11850, 2779, 15852, 11657]",[16088],Not Found,0.0
0.5,news_combined,News,Did the gene-editing in chickens completely prevent avian influenza infections?,"[16170, 16178, 16164, 16163, 214, 211, 17445, 19920, 17010, 15848]","[16178, 16107]",2,0.5
0.5,news_combined,News,How many additional reservists did the Israeli government approve to call-up?,"[16137, 15241, 17392, 16291, 16592, 16209, 16228, 15295, 17391, 15306]","[16137, 16060]",1,0.5
0.5,news_combined,News,Which village near Gaza was visited by journalists from The New York Times?,"[15241, 16282, 15227, 15240, 16502, 16136, 15239, 16209, 15292, 17394]",[16150],Not Found,0.0
0.5,news_combined,News,Did Hamas take hostages during their attack?,"[17145, 14586, 15762, 16220, 17392, 15679, 16984, 16140, 16152, 14677]","[16069, 16143]",Not Found,0.0
0.5,news_combined,News,Will the museum's new policy involve the removal of human bones from public display?,"[16243, 14358, 16252, 26773, 24429, 17323, 3988, 21265, 14839, 15135]",[16243],1,1.0
0.5,news_combined,News,Did an Israeli ground invasion of Gaza appear imminent according to the document?,"[16229, 16212, 16152, 16211, 15223, 16136, 17392, 16291, 15241, 17391]",[16213],Not Found,0.0
0.5,news_combined,News,"Who revisited ""The Exorcist"" film and its aftershocks in their article?","[16329, 20284, 16220, 15440, 15616, 900, 18232, 884, 16304, 17386]",[16329],1,1.0
0.5,news_combined,News,On what page can readers find the continuation of the story about Israeli forces entering the Gaza Strip?,"[16136, 16282, 15228, 16280, 16152, 16212, 16154, 15223, 17392, 16718]","[16304, 16229]",Not Found,0.0
0.5,news_combined,News,Was the newspaper released on weekdays?,"[1217, 1210, 17808, 15102, 15118, 16215, 14898, 16603, 2668, 15665]","[16274, 16334]",Not Found,0.0
0.5,news_combined,News,What is the brief summary of the New York Poverty news?,"[16380, 16377, 16376, 16383, 16393, 16532, 16748, 14898, 17559, 17421]","[16380, 16381]",1,0.5
0.5,news_combined,News,How many figures are there in the frontpage?,"[18221, 1451, 6586, 17954, 23444, 45, 46, 14423, 1277, 50]","[16352, 16420, 16454, 16399, 16337, 16434, 16402, 16477, 16478]",Not Found,0.0
0.5,news_combined,News,Who wrote the report about the influence of Africans on French?,"[16509, 13066, 16535, 16508, 12923, 12420, 20511, 12430, 13621, 16517]",[16513],Not Found,0.0
0.5,news_combined,News,Was the newspaper published on Monday?,"[1217, 15521, 14604, 17432, 21355, 1225, 26864, 919, 2367, 17465]",[16559],Not Found,0.0
0.5,news_combined,News,How many figures are there in the document?,"[24592, 24266, 9826, 14871, 11784, 10284, 9807, 3907, 7059, 9812]","[16688, 16691, 16564, 16633, 16667, 16671]",Not Found,0.0
0.5,news_combined,News,On what date was the newspaper released?,"[15958, 17732, 14642, 14841, 17430, 1217, 15360, 16556, 15519, 14723]","[16708, 16630]",Not Found,0.0
0.5,news_combined,News,Does the newspaper report news about King Charles?,"[17205, 14653, 19668, 16777, 17622, 16496, 17281, 14493, 15738, 16199]",[16777],4,1.0
0.5,news_combined,News,On which page does the newspaper introduce the news of Oscar nominations?,"[16858, 17860, 17622, 3900, 3903, 16378, 14641, 17723, 16781, 17834]","[16858, 16778]",1,0.5
0.5,news_combined,News,What is the title of the newspaper name?,"[1217, 1225, 12773, 12150, 1366, 4996, 11281, 20987, 21355, 16007]",[16784],Not Found,0.0
0.5,news_combined,News,Are environmental and public health groups emphasizing the economic consequences in the decisions regarding new toxic chemical regulations?,"[16904, 15457, 14828, 5765, 16900, 20297, 6700, 537, 21627, 5610]",[16904],1,1.0
0.5,news_combined,News,Did President Emmanuel Macron use a full parliamentary vote to pass the pension reform?,"[16885, 17909, 4601, 15839, 535, 21952, 17751, 17769, 15769, 4598]",[16885],1,1.0
0.5,news_combined,News,Who reported the news about Macron Decree?,"[17744, 5891, 26185, 16877, 16880, 26192, 8948, 2083, 26232, 8554]",[16884],Not Found,0.0
0.5,news_combined,News,Was the newspaper released on weekdays?,"[1217, 1210, 15102, 17808, 16215, 15118, 14898, 16603, 17430, 2668]",[16865],Not Found,0.0
0.5,news_combined,News,How many figures are there in total in the frontpage?,"[18221, 23444, 6586, 17954, 5026, 1451, 10890, 23839, 853, 14423]","[16992, 16868, 16966, 16940, 16950, 16921, 16922, 16923, 16988, 16894, 16991]",Not Found,0.0
0.5,news_combined,News,On what day was the newspaper released?,"[1217, 16437, 17732, 14642, 15958, 14841, 15360, 14723, 17430, 15665]","[16937, 16865]",Not Found,0.0
0.5,news_combined,News,On which page does the newspaper detail a Washington Scandal?,"[17074, 15378, 7352, 15129, 5282, 17759, 26568, 17426, 5830, 7465]","[17001, 17074]",1,0.5
0.5,news_combined,News,Does the newspaper contain the news about N.Y.P.D.?,"[17075, 17552, 17377, 17006, 14728, 17350, 17884, 17071, 17781, 14906]","[17002, 17075]",1,0.5
0.5,news_combined,News,Who wrote the report about the baseball union negotiations?,"[17197, 917, 25563, 5568, 17203, 865, 1683, 14831, 15965, 14971]",[17195],Not Found,0.0
0.5,news_combined,News,What is the source of russian attack images?,"[15031, 15744, 17876, 17906, 17166, 16659, 14300, 17145, 15179, 17909]",[17164],Not Found,0.0
0.5,news_combined,News,Which publication is Maureen Dowd associated with?,"[17280, 1225, 1217, 19683, 19630, 15004, 4188, 21335, 21054, 26783]",[17273],Not Found,0.0
0.5,news_combined,News,Was the newspaper released on weekends?,"[1217, 15738, 17346, 16732, 15813, 16496, 14417, 16199, 1180, 14723]",[17215],Not Found,0.0
0.5,news_combined,News,How many figures are there in the document?,"[24592, 24266, 9826, 14871, 11784, 10284, 9807, 3907, 7059, 9812]","[17217, 17251, 17188, 17265, 17204]",Not Found,0.0
0.5,news_combined,News,Was the newspaper released on weekdays?,"[1217, 1210, 15102, 17808, 16215, 15118, 14898, 16603, 2668, 17430]","[17282, 17215]",Not Found,0.0
0.5,news_combined,News,On which page does the newspaper detail the news about Ukraine fights?,"[17914, 17166, 14638, 17145, 15146, 16125, 14805, 15728, 15697, 17316]","[17373, 17374]",Not Found,0.0
0.5,news_combined,News,On what data was the newspaper released?,"[12773, 15573, 16437, 16748, 20248, 16147, 1815, 1217, 16215, 15738]","[17432, 17359]",Not Found,0.0
0.5,news_combined,News,Has the New York Times' racial equity audit of the Administration for Children’s Services been publicly released?,"[17554, 16018, 14750, 6833, 7335, 20685, 16283, 3769, 8059, 16580]",[17554],1,1.0
0.5,news_combined,News,Who reported the news about the child welfare agency accusation?,"[15403, 15616, 16345, 16824, 17622, 2502, 15652, 15213, 17332, 1720]",[17551],Not Found,0.0
0.5,news_combined,News,Does the newspaper contain the world cup news?,"[14559, 16572, 15365, 14641, 15960, 15666, 15520, 19563, 10106, 16558]",[17535],Not Found,0.0
0.5,news_combined,News,On what day was the newspaper released?,"[1217, 16437, 17732, 15958, 14642, 14841, 15360, 14723, 17430, 15665]",[17587],Not Found,0.0
0.5,news_combined,News,In which year was the newspaper released?,"[15738, 16732, 15958, 14841, 17430, 15519, 14909, 17356, 17732, 14642]",[17587],Not Found,0.0
0.5,news_combined,News,Does the newspaper contain the information about French Open championship?,"[17801, 15525, 15591, 3321, 17727, 3324, 2600, 14472, 22543, 26565]",[17727],5,1.0
0.5,news_combined,News,How many figures are there in the front page?,"[46, 45, 17954, 135, 6586, 131, 132, 5026, 1599, 18221]","[17792, 17793, 17736, 17716, 17717, 17750, 17718, 17753, 17790]",Not Found,0.0
0.5,news_combined,News,Did a clinic in Brazil report Xaiana for admitting to terminating a pregnancy?,"[17850, 17857, 17488, 1905, 3865, 16841, 15685, 2049, 18326, 20388]",[17865],Not Found,0.0
0.5,news_combined,News,What is the date of the newspaper?,"[17732, 14642, 14841, 17430, 15958, 15665, 15519, 15813, 14723, 14909]",[17809],Not Found,0.0
0.5,news_combined,News,On what day was the newspaper released?,"[1217, 16437, 17732, 15958, 14642, 14841, 15360, 14723, 15665, 17430]",[17809],Not Found,0.0
0.5,news_combined,News,How many figures are there in the document?,"[24592, 24266, 9826, 14871, 11784, 10284, 9807, 3907, 7059, 9812]","[17890, 17827, 17816, 17932, 17903, 17935, 17936, 17876, 17878, 17879, 17912]",Not Found,0.0
